App,Review,Sentiment
Azar,Poor,Negative
Comedy Central,way better used be! I know removed sort search function.,Positive
Calorie Counter - Macros,New interface awful Most people simply like changes used it. That case here. What used make great ability customize food entry entries stored locally. New problems update: 1. Those entries deleted. 2. The new interface bulky easy navigate. 3. Adding food searching food takes longer due ping server every time add/search food,Positive
"Chat Rooms, Avatars, Date - Galaxy",I think deserve single star also. MY id named RITURAJ YESTERDAY IT GOT BLOCK FOR NO REASON. EVEN IT SAYS YOU USED ANY OUTSIDE APPLICATION BUT I DIDN'T USED ANY OF THE OUT SIDE APPLICATION. WHEN I ASKED TO THE DEVELOPER TO TELL ME WHICH OUTSIDE APPLICATION I USED THEY USED TO ANSWER ME THERE ARE MANY OUT THERE & I DONT KNOW WHICH ONE IS USED EXACTLY. I RECOMMEND YOU PEOPLE BEWARE OF THIS THEY WILL EAT YOU MONEY. THANK YOU GALAXY FOR YOUR WONDERFUL SERVICES ☺️,Positive
Freeme Launcher—Stylish Theme,bad slow. ad everywhere... Learn zenui launcher Zlauncher,Negative
Hello Kitty Lunchbox,"Ads ads ads. This simple, fun cooking game young children, I'm sure child interest food love it. But adult, 6 ads minutes I played game. Very cute fun, I'm sure young kids would enjoy more.",Positive
Farming Simulator 18,This game good graphics smooth gameplay easy tutorial It's smoother pudding that's extra smooth. Although It would cool could get vehicle go building. As well farm house.,Positive
Family GPS tracker KidControl + GPS by SMS Locator,Great helps keep track young one. Buy upgraded side well worth it!!!!,Positive
Fantasy Football & NFL News,Great resource Up minute information good source get leg league.,Positive
Filters for Selfie,There filters many ads.,Positive
8 Ball Pool,"Best pool game EVER, aware HACKERS. Get Credit card ready. And pay Money ,,its best money making machine creators/owners. They need Couple private Jets. Many times. You accidently push 5 million game more, Don`t want play high stakes. And I Think friends thats plan. BASTARDS",Positive
Equestria Girls,"Great game but... I love game. It's cool I enjoyed going things happen TV show. One problem end, I finished levels sent right back start!! Plz make sure legend evergreen too!! Thx, Freya. P.s I'm undownloading",Positive
Basketball FRVR - Shoot the Hoop and Slam Dunk!,Fun finger game..,Negative
Be A Legend: Soccer,Slow loading For first part I playing loading quikly really slow plz fix!!,Negative
FINAL FANTASY BRAVE EXVIUS,Quite simply can't get enough game! With minimal spending I managed get things I could hoped devs super point compensating bugs ands maintenance free rewards. More free giveaways I ever seen! Top notch game story!,Positive
Alto's Adventure,"Just beautiful game, fun gameplay, overall second favorite app. My problem, takes long time get new characters.",Positive
Files Go by Google: Free up space on your phone,"After install it, basically kicks background, forget even exists. Fast forward days magically reminds telling useless junk taking space device. A great way keep device streamlined freeing precious memory would otherwise clue about. Very simple worthy download.",Positive
Educational Games 4 Kids,Nothing new kids love,Positive
Google My Business,Useful business,Positive
"Any.do: To-do list, Calendar, Reminders & Planner","The running todo list game changer. And any.do moment feature great organizing day. You add toy want need lists, next time run any.do moment, decide now, tomorrow, next week, someday. You worry losing track tasks WISH could lost tasks NEED do. To top off, widgets amazing AND based experience too.",Positive
American Airlines,"This sorry! Why looking flight status, 99% time show aircraft type!? I go Flightstats gives much information! Come AA...step game! Go check Delta's United's apps! Far superior!!",Negative
BetterMe: Weight Loss Workouts,"easy workouts simple follow, work",Positive
Fly Delta,"I travel work, fix trash I check I need to...",Neutral
Arrow.io,I love,Positive
H&M,"The whole h&m club seem like good idea, (reason I've downloaded app) staff local h&m even bother asking it, I tend forget honest. Abit pointless.",Positive
"Evernote – Organizer, Planner for Notes & Memos","wrote better part essay, tabed check definition word. tabbed back in, threw back maim screen, lost half essay.",Positive
Color by Number - Draw Sandbox Pixel Art,Thisapp need tohav e thing color,Neutral
Build a Bridge!,I downloading game right I good #YOLO,Positive
AutoCAD - DWG Viewer & Editor,Better learning,Positive
Curriculum vitae App CV Builder Free Resume Maker,"It help create resume easily I can't erase word ""with"" educational background. And suddenly stopped. Please fix soonest.",Positive
DIY On A Budget,Been fb page got awesome ideas looks great,Positive
Gboard - the Google Keyboard,"Overall good implementation daily keyboard look like. I would like Gboard team consider adding small feature forcing using traditional Chinese character even writing simplified character using handwriting mode. Sometimes I'm lazy write full traditional character I wrote simplified ones instead. However, keyboard would suggest simplified characters I intend select traditional ones. Maybe add force traditional mode even inputting simplified characters like Swiftkey. TKS!",Positive
DisneyNOW – TV Shows & Games,"Good, thing.. Alot shows say #bummer included TV package. But watched last night, exact episode. I might mising somthing dont get it. Otherwise, good.",Positive
"CBS Sports App - Scores, News, Stats & Watch Live",started run erratically started drop minute so...uninstalled reinstalled see would help not...still acting same...just started week ago...too bad...was good couple years...,Positive
Beauty Camera - Selfie Camera,Love stupid ads keep popping allow save pic,Negative
2RedBeans,Rubbish,Neutral
Disney Magic Kingdoms: Build Your Own Magical Park,Ever since updating game loads certain point crashes! Very disappointing,Negative
Air Traffic,It's good,Positive
Hello Stars,Heh,Neutral
"Groupon - Shop Deals, Discounts & Coupons",I used grope n time I pleased,Positive
GRE Tutor,"Occasionally, pronunciations work. Would nice ""usage"" option. Ap also tell word verb, noun, adj, etc.",Positive
"Fabulous: Motivate Me! Meditate, Relax, Sleep","At first I questioning method, days realized felt good accomplished little things day. So far made realize things continue path take slow simple! I wish price full wasn... Full Review",Positive
Azar,Nickel,Neutral
BET NOW - Watch Shows,The new look pretty bad user interface never loads go show episodes search home screen makes hard navigate.,Negative
95Live -SG#1 Live Streaming App,"I enjoyed days apps. But things happen today, I can't see comments send gift. Please fix",Positive
DraftKings - Daily Fantasy Sports,Find right contest ability,Positive
Choice Hotels,I love fact tells points soon I log,Positive
Asana: organize team projects,"I freaking love app...creating, adding, sharing, commenting, completing lists tasks, items, ideas, etc. Useful individual team keeping track groceries, chores, ideas, anything involving work personal projects hobbies.",Positive
EyeEm - Camera & Photo Filter,"Its 3-4 months still shows photos selected premium, I complain many times proper response EyeEm support, I unable get help , simply solve problem",Neutral
Blogaway for Android (Blogger),"It cannot post 1 section pictures. I end deleting drafts since won't save logging back, frustrating",Negative
Homestyler Interior Design & Decorating Ideas,"In order design floor plan taking picture, can't floor wall completely cover it, drag around- please fix. Also, let even open pre-designed design-please fix!",Neutral
Garden Coloring Book,It good game And make ever want,Positive
EatStreet Food Delivery App,"Easy order from. Especially like I add tip ordering, others wait til order complete remember go back add tip.",Positive
Amazon Kindle,10 20 times day freezes. Worst market. If ever opens commute I close I've already reached 18th stop station. All I want read Kindle book phone. That difficult request BUT IT IS. THE SUCKS!!!,Negative
Color Touch Effects,"Used LOVE app, lately rotating photos making blurry (even though original right side completely clear). I've tried uninstalling restarting phone, never gets better. I'm really sad this. :(",Positive
Birdays – Birthday reminder,Can add sync option? I birthday reminders saved last phone got stolen... Now installed another phone details birthdays filled gone... Its cool ask birth dates hope remember it. I give u 5 stars u succeed.,Positive
Dr. Panda & Toto's Treehouse,Here go right direction take care communication including attachments intended small town work the✳✳✳✳✳. time Hhhhhh,Positive
Free Dating App - Meet Local Singles - Flirt Chat,It's great types I never found great,Positive
Backgrounds HD (Wallpapers),It good use. Has HD wallpapers,Positive
Hopper - Watch & Book Flights,"Very useful app, allows see fluctuating prices w/o constantly search flights. Just put destination date, let work you.",Positive
"Groupon - Shop Deals, Discounts & Coupons",I used several times I'm happy pleased. I say make sure always read fine print call companies order get stipulations,Positive
Colorfit - Drawing & Coloring,"I love dif brushes available. However, controls buggy. The colors lagging. There coloring I I prefer this. Too many problems",Positive
Chase Mobile,"I previously gave 5 stars I changed 2 stars due glitch. The worked many years, user friendly , convient fast. But last days glitching note8. I unable view current transactions accounts. Please fix this.",Positive
Helix Jump,"Easy good. By way, I've noticed saying score hits 6 digits resets 10000. This true, might noticed points lower time, score still 100k+, fill screen up. E.g. I got score 300k, would say 30000. Hope helps people!",Positive
Galaxy Attack: Alien Shooter,I think great game kill time... slightly addictive.. I'm satisfied overall game play ... thx Devos really nice job ..,Positive
HTC Sense Input,After recent update entire phone started crashing slowed point paperweight.,Neutral
CALCU™ Stylish Calculator Free,I thought works well I needed I also love color schemes change,Positive
Beautiful Widgets Pro,UNLOCK WEATHER ANIMATIONS LAG This still great #1 weather app. But weather unlock animations take quite bit time run every phone I put months? I'm using LG V10 powerful phone like others.,Positive
Apk Installer,"Simple, gets job done I like folder select apk install. This job nicely. Samsung Galaxy Note 3.",Positive
Frozen Free Fall,The task board freezes game finish tasks. Have reinstall game.,Negative
DINO HUNTER: DEADLY SHORES,"The graphics animals good, background graphics leave something desired. It's also kind annoying often I get special offers want pay real money.",Positive
Garden Coloring Book,Alot ads,Neutral
FreePrints – Free Photos Delivered,This awesome easy I got photos fast! Pictures came excellent...I happier! Update..I read FAQ section said NEVER cost $9.99..just wondering I paid $11.06?,Positive
ABC News - US & World News,Constant buffering.,Neutral
GMX Mail,An easy free email account,Positive
Cooking Fever,Horrible company. My child accidentally purchased gems $99.99 care help reverse it. Instead rep practically called lier. It matter I'd playing 5 years. Don't load game company JOKE!,Negative
Banco Itaú,Bloody not detailing more invoice card app! And they still want people to go digital ... unfortunate.,Negative
Evie Launcher,"Performance great. My suggestion adding shortcut: swipe there's search bar, swipe notifications Edit: I activated Evie Feed, nice I've seen - lots personalization options - I clicked article (a Reddit picture) I can't return feed. The back button goes back homescreen swiping right leaves picture open",Positive
Candy Crush Saga,"Addicting, fun game really needs update lets bank lives earn!! I win lives time since I full lives I lose them, I get stuck level I run lives I really 20.. earn lives able keep them!!! Also, I wish could send specials gifts along extra lives friends!!!",Positive
Baby ABC in box! Kids alphabet games for toddlers!,"To many ads even purchased game, keeps interpreting toddler trying play.",Positive
Candy Crush Saga,Great game really kill stress. I like fact get see people well. thing lots stuff going lots compations I understand,Positive
"CBS Sports App - Scores, News, Stats & Watch Live",Absolutely best sports out. Tried numerous sick garbage. Bleecher report worst stinkin' rotten sports btw. This welcome. Simple swiping straight scores. Job well done. Hopefully change all. Uninstalled ALL others. Encourage others same.,Positive
Color Touch Effects,I HATE IT.,Negative
Bloomberg: Market & Financial News,Pay view Bloomberg? Really,Positive
Banco Itaú,Unreliable. Acknowledged bar code fills all information and does not perform payment and does not provide problem feedback. I had to go to an electronic cx to make payment.,Neutral
Ebook Reader,"Use love it, I try import books shuts me. Please get fixed favourite allowed import many books works",Positive
Arrow.io,It amazing game,Positive
Apple Daily 蘋果動新聞,Crush &bug,Neutral
Bubble Shooter,Where levels??? Ive played available uninstall☹ Boo!!,Positive
Fraction Calculator Plus Free,This great work construction like self.,Positive
Credit Karma,This simple use. They 2 three major credit bureaus. My score difference actual FICO Score minimal amount I would given 5 star rate instead 4.,Negative
Google Photos,I'm really enjoyed able see I saved years. It also helps get pictures phone's memory way I lose,Positive
Goldstar: Live Event Tickets,Seriously quick easy,Positive
"Chat Rooms, Avatars, Date - Galaxy",I've using galaxy like 3 years love it. I used galaxy yesterday working..Nothing load PLEASE FIX IT hesitate uninstall,Positive
Garena Free Fire,"So far good. Please add option choice ""Fixed Joystick"" ""Free Joystick"", usually players need make analog joystick control hero, keep 1 position.",Positive
Azar,Over heating battery issue app.,Neutral
Docs To Go™ Free Office Suite,"I able find way print! I snap screen shot print picture document. User friendly ways maybe but, printing document!",Positive
Blogaway for Android (Blogger),Nice,Positive
Fast News,Super!,Positive
Dude Perfect 2,The way gameplay monster legends Shadow fight 2 3 together. So basically loved :D,Positive
Equestria Girls,"Well, really fun game but.. plz add little adventures like Legend Everfree. Explore town outside little quest town completing quest school. Make more, I wish could update it. And I receive awards I finished quest I restart 3 locks outside? What that? I unlocked yet. I wish update more! :D",Positive
Calorie Counter - MyFitnessPal,Adding food getting logged properly.. need resolution please,Neutral
Facebook Lite,measure improvement reliability speed...what mean that...or it's like... wasting time Datastore. get Ram full theses updates,Positive
Flights,"I mistook Google Flights. After several searches, I realized results match. All fairs much lower look like dodgey booking sites.",Positive
Google Pay,"I see way add boarding passes app. They hyped feature lot I seen airlines giving option add boarding pass here. How I add tickets? option I see ""Passes -> [""Loyalty Program"", ""Gift Card""]",Neutral
Flashlight - Torch LED Light,"This gives massage opening unfortunately, flashlight stopped. Which creates irritating.",Negative
Blood Pressure,Waste application! Never,Negative
Gold Butterfly Keyboard Theme,ie,Neutral
Fashion in Vogue,Good It good boring didn't fall outfits.,Positive
All Video Downloader 2018,videos can't downloaded dissatisfied,Neutral
Fruits Bomb,Best game ever,Positive
"BiggerCity: Chat for gay bears, chubs & chasers",It's safer always assume risk free,Positive
Google My Business,Nice,Positive
Family Album Mitene: Private Photo & Video Sharing,If I could remove ages kids album would nice least option show would nice.,Positive
Filters for Selfie,Its nice,Positive
"AT&T Navigator: Maps, Traffic",A pay $ navigator feature stuck phone I can't rid can't root access phone. Thanks nothing att! Allow us delete/uninstall useless bloatware,Negative
Choice Hotels,Your sales low membership prices giving deals,Neutral
Horoscopes – Daily Zodiac Horoscope and Astrology,Most time daily horoscope positive something positive always good way start day! A lot times they're also insightful reminding I apply messages every day life.,Positive
Cookpad,Well I'm trying kitchen found easy new favorite cook book.,Positive
Essential Anatomy 3,"Great, worth buying. Absolutely amazing app, almost bugs, working perfectly, great moving 3D environment. But common guys, already payed app, want access detailed part section, u pay again. example shows bone , wanna check hiatuses, foramens, expressions and... You pay again. At least make parts cheaper people buy + emails discount Apple users, single discount Android far.",Positive
BBWCupid - BBW Dating App,Very good,Positive
Galaxy Attack: Alien Shooter,old time classic style gameplay amped power ups great graphics sick variety battleships choose play against.,Positive
BBWCupid - BBW Dating App,"would great say free trial expired, even hr downloading it, make completely free,to chat I'd give 5 star's",Positive
Coloring & Learn,It best coloring game I ever played awesome please improvement controls controls little bit ruff,Positive
Docs To Go™ Free Office Suite,Good luck,Positive
Candy Crush Soda Saga,This game constantly freezes right pay extended play. Then tells moves. This payment confirmed tells fun purchase. Beware sham. I getting rid King games. They thing rarely anybody return emails!! Or refunds!@,Positive
HESI A2 Pocket Prep,Looks good far,Positive
Beautiful Widgets Free,"pulls money account give product!!! I paid $1.79 able additional features, pulled bank account says error!!! either give money back give I paid for!!!",Positive
DreamWorks Friends,I think game world record,Negative
Calorie Counter - MyFitnessPal,"Doesn't connect Google Fit track steps. I wanted try see I could track carbs without premium, that's available premium. Which like I'm using, connect Google Fit carbs still premium feature. Definitely reason other. :(",Positive
E*TRADE Mobile,"*Update* Junk App, junk app, I mention junk app. Trades wants to, buys wants to, charts work almost never. Called customer sent tech blamed phone (note5). Said fix keep uninstalling reinstalling, (yes tech said fix). Do favor find reliable broker! Junk App! Literally work e-trade!",Positive
HTC Speak,"Camera issues This fix camera issues completely. Still rotate properly. However, fixed screen lock touch gesture issues.",Positive
DreamWorks Friends,Can't open game!!. Hated it!!!!.,Negative
DRAGON BALL LEGENDS,"The PvP kinda whacked. I've seen cheater able counter rising rush two times match. No lucky. And connection issues annoying. My latest opponent let time run selection screen, getting ready, I waited... Full Review",Positive
Digit Save Money Automatically,Love app. Saves money little little really notice adds quickly. Easy new features added time. Just feel needs way secured. Such pin fingerprint get it.,Positive
BaconReader for Reddit,Love reddit versatile topics.,Positive
Chase Mobile,"Update 7/30/18 - something broken new check deposit module. keeps saying picture clear I can't deposit checks. Previous review: Works much better Fidelity. Great interface, easy use.",Positive
ExDialer - Dialer & Contacts,"Using last 3 years.. really good app. But last 2 days see permanent notification "" touch open app"". I checked setting "" behaviour-&gt; shortcut status bar"" confirm nothing selected there.. still notification going away..",Positive
Checkers ✔️,This game gonna give u education,Negative
Baseball Boy!,Horrible since update. Game sped work properly. Trying tap bounce almost impossible. Please fix enjoyable. Also amount ads ad increased every swing good,Negative
Hello Kitty Nail Salon,"I bought carol's daughter, old phone stupid won't let restore them.",Negative
Filters for Selfie,Awesome I like,Positive
Expense IQ Money Manager,"Loved app, last months repeating transactions entirely stopped repeating, even though still listed such. Tried contacting support got reply. Real shame fixed soon I'll look new app.",Positive
DRAGON BALL LEGENDS,I changed rating 2 4* now. Thanks giving NEW sparking characters struggling hard get pull..really appreciate that. If devs fix bug story pvp change rating 5*.,Positive
"Groupon - Shop Deals, Discounts & Coupons","They used good deals. I mostly shop restaurants activities. There's lot useless junk sale like sunglasses toys. But become restaurants activities every time I log on. And search function used work well list, less intuitive. I'm considering deleting fix interface keep content fresh.",Positive
COOKING MAMA Let's Cook!,"It's got pretty great content free version video game. Very cute, I like tie-in Macaroni food-making videos. My personal problem I've never able access recipe shop (aka in-app store). It loads second brings back previous screen.",Positive
Dude Perfect 2,"I would really enjoy game would stop crashing every level. So I rate one, big sack sloppy dogs dicks.",Negative
Garden Fruit Legend,Every enjoyable,Positive
Battlelands Royale,"Despite fact game direct RIP fortnite, works well mobile substitute. The thing I problem power weapons. The shotgun ridiculously broken ar sniper insanely weak comparison. I know I something wrong, I hit 35 damage shotgun shot somebody, ar I 7 damage per shot much range fire rate shotgun. Now, I want guns overpowered come on, ridiculous.",Negative
Food Network,It gets low stars live TV work. That's main reason wanting app.,Positive
Fantasy Football,"Seems original comment disappeared. Awful app. Doesn't open Huawei P10, blue screen nothing it. ESPN much superior I'll setting leagues on.",Positive
Headspace: Meditation & Mindfulness,When I try create account I mistakenly clicked back button. Now cannot even login.not effective,Positive
Calorie Counter - MyFitnessPal,"I used love myfitnesspal recently got again, sync Fitbit. I've tried everything, show steps.",Positive
EzCalculator,joss,Neutral
8fit Workouts & Meal Planner,"As mom 2, it's hard find time work out. I love workouts short based current fitness ability. And there's talking, nice kids running around screaming. I wish optional stretch session workout.",Positive
Free Dating App & Flirt Chat - Cheers,I'm. Getting mixed feeling,Neutral
Fuelio: Gas log & costs,A great help!,Positive
Asphalt 8: Airborne,"I like it, thing bothers me, lied! If dont know look screenshots game, said 350+ million downloads, look many people actually it, 100 million, bad thing I like lied.",Negative
"AT&T Navigator: Maps, Traffic",It work. No gps several years. Other map work.,Negative
"GO SMS Pro - Messenger, Free Themes, Emoji",It's great app!!I advice unit!,Positive
Dominos Game ✔️,Wonder full,Positive
BBW Dating & Plus Size Chat,Nice big girls,Positive
Digital Alarm Clock,Excellent better expected,Positive
HTC Social Plugin - Facebook,"Can't properly filter highlights. Even I choose specific Facebook groups updates BlinkFeed, I still get stories friends belong groups. Too much clutter.",Positive
A+ Mobile,"I love able check balance, transfer money, deposit checks account time day night!",Positive
Google News,"Best news yet. The stories relevant interests I love I block news sources well. WSJ, NY Times etc make pay read articles sometimes I mistake. Now I block I accidentally try read met pay wall.",Positive
Calorie Counter - MyFitnessPal,"Great app, works! I'm guessing update last day, total calories calculating properly. I 0 left macros, 100 calories left use. That can't right!? Please fix I'll happily review rating! Ps - especially frustrating, TWO paid subscriptions house.",Positive
Adobe Acrobat Reader,"It simply best kind. + scanning feature awesome. issue ""navigation"". I'm student writing final year project university, I make 30+ downloaded articles, I'd like better I set folder pdf documents show given point time ""Local"" tab app. I documents shared Bluetooth, xender, downloaded using Google Chrome browser, downloaded using Opera mini browser, scanned documents etc grouped folder sections app......... I'm saying is, give us capability choosing hide particular/multiple folders shows ""Local"" tab app, greatly reduce time used scrolling find particular document folder. good app, 4 star rating till notice",Positive
CVS Caremark,"Says drug covered CVS/Caremark 100%, copay. I went CVS 10% copay. So, what's point drug cost feature? needs quality control review.",Neutral
Browser 4G,The fastest browsing n good,Positive
Food Calorie Calculator,wants permission manage phone calls. For reason? If I deny run. TERRIBLE,Negative
C++ Tutorials,Were help full,Positive
Final Fantasy XV: A New Empire,"WARNING! THIS IS NOT A FREEMIUM GAME!!! Sell kids, wife, home anything else can! The game developers money hungry put massive price EVERYTHING game help progress. Simple things like gear set presets require pay $100 unlock. And arnt paying USD, packs even more. They quickly price packs exchange rate changes take sweet time drop back rate lower. Will take weeks change. 99% game items require spend big bucks obtain. Good luck!",Negative
Fast News,Very good,Positive
Dropbox,"Videos crash halfway, much UI, can't export entire folders phone storage apps. Only individual photos videos.",Positive
Asana: organize team projects,"I Asana manage multiple teams work across range functions, well personal tasks dos well. I've tried many project management tools, best I've found!",Positive
Free Dating App & Flirt Chat - Match with Singles,Very good,Positive
Calorie Counter & Diet Tracker,Wish features regular site I love anyways! Losing lots weight staying motivated! One thing I noticed accurate nutrition information. Would love see get fixed,Positive
HTC Speak,HTC One A9 camera update Camera issue fixed One A9 since latest update. Thanks HTC.,Positive
Hinge: Dating & Relationships,The notifications working everytime someone messages notify ! Else works fine Please work notifications,Positive
Easy Healthy Recipes,Wow I loved amazing Cool,Positive
AT&T Smart Wi-Fi,Tell us think,Neutral
Hangouts,It's amazing,Positive
A+ Gallery - Photos & Videos,Installed x3. put shortcut home screen therefore unusable since I find launch it. Really stupid.,Negative
Aprender inglés con Wlingua,"That useful, complete funny. It's good learn practice everyday!!",Positive
10 Best Foods for You,Thanks advice. Downloaded Adobe reader still can't get recipe book?..,Positive
Android Messages,LAST UPDATE RUINED THIS APP. I can't text. I can't reply. I get error messages stopped working. Forget texting group chat. I thought Android IMPROVING messages app. Not making worse. I tried uninstall messages update restore factory settings still work.,Negative
Crunchyroll - Everything Anime,"Downloaded try service. I mind paying premium want know I'm getting. First two episodes played fine including ads (it's free all). Third episode, I can't get past first ads without screen going black responding. Can't fast forward, can't restart, can't watch anything. Great anime selection too. Fix maybe people actually pay it.",Positive
Bualuang mBanking,The Good Parts: small starts fairly quickly. Goes direct info users likely want see. What It Needs: Cardless ATM feature similar SCB. Bugs: The Show Transfers action show transfer I made earlier today via iBanking. The Show Payment function show payment made AIS yesterday. Balance incorrect withdraw money using another platform logged app. Pointless OTP others commented.,Positive
Barclays US for Android,"Fingerprint sensor login work second time I set up, render useless.",Negative
Color Flashlight,This really damage eyes! Please Don't download!,Positive
Full Screen Caller ID,Excellent,Positive
Fantasy Football,Game scores updating...HoF game seems frozen first quarter.,Negative
Fuelio: Gas log & costs,Great get gas,Positive
"DU Recorder – Screen Recorder, Video Editor, Live","Awesome, kinds cool edits, 1 thing though, add actual popular songs, cheesy weird songs, everything perfect. Never crashes recording me. I hope read DU Add new songs please, possible, thank",Positive
Foursquare Swarm: Check In,Lot ads. Annoying.,Negative
BELONG Beating Cancer Together,I found helpful life diagnosed breast cancer reading uplifting stories keeping things perspective life going forward,Neutral
Agar.io,Every five times die plays pug ad annoying,Negative
11st,I forgot password can't get new,Positive
GPS Status & Toolbox,"I've long time casually paid attention it. Lately I've heavily using find underrated I have. Accurate Snapdragon 810. Many useful features. If I paid this, money well spent. If Thank Mr Developer kudos",Positive
Food Calorie Calculator,Alvia Nice,Positive
BBW Dating & Plus Size Chat,"Terrible, scammy, waste time",Negative
Chakra Cleansing,Very relaxing....,Positive
Google My Business,Good innovative,Positive
Google News,"This used favourite news constantly refreshing fly made pretty much unusable now, since jumps back top list regardless far newsfeed get. Why 'tap update' button like 'Google' I choose I want refresh feed? And I say I'm interested particular subject, stop adding back in!",Positive
Comedy Central,"This worked fine couple months ago. But last big update, almost impossible navigate. When I select show, starts playing episode clip menu. It's usually episode I looking for. Then I press back takes back main screen, episode list. When I select ""Full Episodes"" starts playing random episode. Sometimes episodes flash along bottom screen second (too quickly read) fast select hope looking for. The way I've found find episode let play I select show, fast forward (sometimes watch ads) end. Then autoplay next chronological episode. This works 1. The episode plays automatically chronologically want, 2. The option scroll anywhere episode appears, sometimes doesn't.",Positive
HD Widgets,"Suddenly, two years Galaxy Note Edge, HD Widgets disappeared screens. Reinstalling gives ""successful"" message, widgets install. Only experiencing HD Widgets. Help I'll give two stars.",Positive
Fantasy Football Manager (FPL),Fantastic Fantastic Better The green Pl,Positive
DRAGON BALL LEGENDS,I love game. Great job!!! It's long time I've invested mobile game. I hooked!!! I excited future updates features!!,Positive
Firefox Focus: The privacy browser,"Clean solid function. If included missing features, would perfect default browser. 1) ability create new empty tabs, 2) ability close tabs, 3) bookmarks.",Positive
Happy Fruits Bomb - Cube Blast,Shah Green Park,Negative
ABC News - US & World News,It's pretty good.,Positive
DoorDash - Food Delivery,Ive using uber eats way expensive. I love first time free delivery way less expensive. The places I want like five guys never available always mess order. Haven't gotten food yet hoping much better.,Positive
Dog Run - Pet Dog Simulator,Love game best game ever made,Positive
Chakra Cleansing,Peaceful,Positive
Honkai Impact 3rd,The graphics really nice story great overall game play SUGOI weaboo definitely try game. The thing I want changed offline mode case u internet,Positive
"APUS Launcher - Theme, Wallpaper, Hide Apps",It's good,Positive
Graphing Calculator,Fair enough,Positive
Facebook,opening.,Neutral
Groovebook Photo Books & Gifts,"I completed submitted two books. My first yet shipped. Next impossible find contact find book is. Do service, took money gave nothing",Negative
Chapters: Interactive Stories,Love game! Really addictive except I slight problem. There many ads. Would really appreciate got rid them. Other 4 stars me!,Positive
Happy Fruits Bomb - Cube Blast,love,Positive
Bowmasters,"Really like game far. Great gameplay lots fun. Edit: I took away star constant asking rate even I've already rated taking away chances chests. Just seems excessive. It's good game, people need badgered rating.",Positive
Brilliant,"I using refresh mathematics skills. It fine simpler subjects, I got complex material I found ""getting stumped part learning"" approach tedious condescending. Don't waste time, teach I learn, stow reverse psychology, Mr. Miagi nonsense.",Negative
American Airlines,"Crashes I try get boarding pass, entire reason I got first place. (Moto X4 Google fi)",Positive
Backgrounds (HD Wallpapers),"This amazing quality wallpapers, I would highly recommend!!!",Positive
Hill Climb Racing 2,"I'd like see names vehicles gone keep (names) position area. Position crashing 3rd 4th, though 4th crashed you, still puts 4th 3rd (same works board).",Neutral
All Language Translator Free,nice and helpful,Positive
"Candy Camera - selfie, beauty camera, photo editor","Awesome app. Hardly adds, so many stickers l, professional filters lots best ever even name cool",Positive
Baby ABC in box! Kids alphabet games for toddlers!,Keep good work y'all,Positive
Home Street – Home Design Game,"Love This Game!!! Creative,and It Challenges Story :) Rewards Great wall Accomplishment Scenarios. It's A Game Of On Your Time...Not Daily Have feeling Forced. <3",Positive
"Easy - taxi, car, ridesharing",It really hard get cars confirmed,Positive
C Programming,Developer lack knowledge This says c language high level language advantage says middle level language.,Positive
Beautiful Widgets Free,Paid upgrade full version. But absolutely nothing changes. Took money account to. Scam,Positive
Google Pay,I really like however I'm really worried someone steal phone would easily able make purchases using allowing put password I make purchases using contactless feature stores. Is way I could put password on?,Positive
Calorie Counter - MyFitnessPal,Bloated ads useless information fitness.,Negative
Essential Resources,Keep climbing team Essential. You guys good job.,Positive
Easy Installer - Apps On SD,"My FountureToolle Package Installer is writing Stopp, tell me how to fix it",Neutral
BLK - Swipe. Match. Chat.,Pretty cool,Positive
Blood Donor,This latest update bad. No donor card accessible donation 8/24 left scrambling morning find old card. Rapid pass code longer appears either. History missing lot info. Want old version back!!,Positive
Brain Waves - Binaural Beats,I love currently making disturbing static sound. Please fix this!?,Positive
Airbnb,"This designed traveling, yet sometimes require 2 step verification. For travelers foreign country perticular, problem, many travelers phone number abroad. Get rid let us choose turn please!",Positive
DC Super Hero Girls™,Excellent,Positive
Curso de Ingles Gratis,Excellent,Positive
Candy Crush Saga,I addicted issues. Lol. I currently level 1969. Not jackpot wheel....Ever. Could little generous prizes. When playing landscape stats SO small barely readable! Get tense instead relaxed play squinting time. Also fish basically useless now... pointless.,Negative
Colorfy: Coloring Book for Adults - Free,"This disappointing, drawing would way better images free draw with, yet however decide too,it's shame, make free even better hit app. But guys want make way Is I rating",Positive
"Groupon - Shop Deals, Discounts & Coupons",My account keeps getting hacked. When I finally get account back let buy Groupon's stating PYMT method incorrect. When I tried call customer email request call back. How helpful I need help right away?,Positive
850 Sports News Digest,Loved it!! Suggestion : Could add widget too?,Positive
Google Fit - Fitness Tracking,Can't stop activity without starting new one. Latest update messed up.,Positive
Ascape VR: 360° Virtual Travel,I wish didnt cost money,Neutral
Flightradar24 Flight Tracker,I bought alot stuff unlocked says old updated since 2016 guys asking monthly subscription?i dont want old app! This scam want money back paid for!,Positive
Alto's Adventure,"I love game! The complaint I llamas make sheep noises, llama noises. As previous llama owner, bugs every time. I fun challenges fun zen mode. One favorite relaxation distraction games.",Positive
BELONG Beating Cancer Together,It's nice talk others MBC. I live small town south. The closest support group least hour away.,Positive
Homescapes,The game really amazing!! I really luv enjoy playing dis gme.. Graphichs r awesome.... I rate 5 str u guys deserve it... But da upcoming updates possible pls try add wys gain str upgrade buildings.. Cz need str n every work n hav pass level candy crush dats bit kind weird cz im much used candy crush game.. So pls mke every possible things get star eazy ways.... Tq.. Hope u look forward dis pb,Positive
"BuzzFeed: News, Tasty, Quizzes",There ton bugs!,Neutral
Garena Free Fire,Very disappointed....Before update Everything running smoothly device unfortunately update 1.20.3 game running smoothly also hanging..plz solve bug next update....,Positive
Free Dating Hook Up Messenger,extremely easy register. My single friends I love using random match feature badoo like hot swipe game. want meetme send private message,Positive
"CheapTickets – Hotels, Flights & Travel Deals","This save itenary, inconvenient trying access travel information.",Negative
Dino War: Rise of Beasts,"Love game, I can't upload profile picture, tried log support, thrown error. Not best fault report reporting page let you. Other this, good game.",Negative
Galaxy Attack: Alien Shooter,It made 2 withdrawals credit card account without adding purchases back game :(,Negative
DisneyNOW – TV Shows & Games,I love ads. I still love fave show andi mack. I know people might like I blame everybody differences. I wish episodes come onto andi mack I finished season's I really hope make episodes.,Positive
Bible,Nice,Positive
Hostelworld: Hostels & Cheap Hotels Travel App,"Easy app, problems far!",Positive
Homesnap Real Estate & Rentals,As advertise must Realtors see yourself.,Neutral
Hangouts,Meh gud Effie ok 50/50,Positive
Candy Crush Saga,"Great past time, I know retrieve extra plays I win - I know flashing colours across candies mean? Maybe could show things appear. Or help section.",Positive
Facebook,"Doesn't post items posted! Keeps showing content!! Problems logging out!! Is bowing pressure Governments NOT designed for, getting people talking things affect lives!! No longer free speach advert concerned ! Used A GREAT WAY inform people thing's could help, sadly changed worst!!",Negative
Be A Legend: Soccer,Waste time Set game let people play? Awesome!!,Positive
AC - Tips & News for Android™,Why can't I enter unanswered question app? Plus fix bug.,Negative
HTC Service － DLNA,"Horrible...since last update After latest update saying ""file supported"". But I stream file without prob.",Positive
BET NOW - Watch Shows,The new look pretty bad user interface never loads go show episodes search home screen makes hard navigate.,Negative
Candy Crush Saga,"Addicting, fun game really needs update lets bank lives earn!! I win lives time since I full lives I lose them, I get stuck level I run lives I really 20.. earn lives able keep them!!! Also, I wish could send specials gifts along extra lives friends!!!",Positive
Canvas Student,There instances refuses load material loaded. There times forums loaded first posts loaded keep repeating over. I can't remove groups over.,Positive
BBVA Spain,"Easy manage. I simple operations fast manageable! Great got extensive menu operations activities, fingertips!",Positive
Acorns - Invest Spare Change,"I started using going well far, I hope long run worth investment bring $$$$$ lol. This update I stopped using awhile I wish I account would much money. I'm aback I love update I'm able multiply change building fast. That acorns helping save change.",Positive
CMB Free Dating App,I impressed amount matches I given. I'm sure nothing fact matches available area specified age range. I've using 2 months 2 matches. I little disappointed.,Positive
DoorDash - Food Delivery,At first worked pretty well I would rated 4 stars. Consistently time went deliveries got slower began problems. Now longer reliable.,Positive
C++ Programming,"Not best ,several errors Bro I give advice install error like header file missing",Negative
Eat24 Food Delivery & Takeout,"The work, poorly tracking location, let enter save information ordering",Negative
Bad Piggies,"I loved game since I started playing. I love new levels. But I can't get past level 18 The Road Porkado bridges malfunction. And couple levels I 3 starring them, due program error recognizes cart crashing first even though crashes crosses finish line. Please fix bugs.",Positive
Google Duo - High Quality Video Calls,Plz note points 1. Make like run slow networks. 2. While screen lock caller call visible even screen lock think impact privacy. 3.please allow lock. Thnank,Negative
Banque Populaire,Great app!,Positive
Cooking Fever,"I love everything game, fact absolutely spend money buy gems advance ridiculous. Will back ever changes.",Negative
Helix Jump,This game great except dont like many adds are. I also like dont change up.also second chance sometimes watch says tap restart doesnt even give chance give chance would think would 321 kind thing starts. But still great time passer.,Positive
Apartments.com Rental Search,there's pictures properties different completely different house,Neutral
Dr. Panda & Toto's Treehouse,Awesome! Absolutely amazing really feels like got baby except hard turtle!,Positive
"Calm - Meditate, Sleep, Relax",I like something new every day. And I choose meditation suited needs day.,Positive
Blood Pressure,Easy helpful,Positive
Golf GPS by SwingxSwing,Nice app. Don't know pay version free everything weekly golfer needs.,Positive
Garmin Connect™,"It's great watch, guys fix pedometer!! It's great I want get step arm day gym!!! Why need internet update, watch connected Bluetooth?? Tried indoor running. Doesn't anything. So switch strength training get workout count. Pairing sucks. It takes forever repair phone Garmin. After update, receive messages group chat. Please fix. My job mostly pushing pulling. I get steps cause arms always position. What's point sync phone can't get information back Garmin device??!! For example, device crashes lose information day. Can't make re-send information back device instead losing day??",Positive
BBC News,This used favorite news become glitchy lately. I've reinstalled several time seem help,Positive
Drugs.com Medication Guide,I go get info needed without interruption ads detours. It perfect needs,Positive
Amtrak,Horrible - button clicks even work,Negative
Facebook,"I dont understand pages, people followed showing newsfeed ""public"" put ""only me"". I sent report 3 days ago via report option still fixed. So what's up? So where's essence protecting privacy? Please report fix asap. I can't like pages withut showing newsfeed. And option activity log unlike it. Srsly?",Positive
Apartments.com Rental Search,2016-Nothing date. Every place call dont available apartments says do!!! No help ever!!! Update 2018- still inaccurate. Prices-availability- fluff.,Positive
FOX NOW - On Demand & Live TV,This buggiest I ever used. Crashed times I count. Also slow unresponsive compared streaming apps.,Negative
ColorNote Notepad Notes,"It works! Easy organize. Saving note little difficult-- hard back note progress, get note save. But man, works better Note I've used.",Negative
Episode - Choose Your Story,This game takes lots time start.,Negative
Black People Meet Singles Date,"I gave BPM another chance prove wrong, I paid 2 months subscription I ended nothing. BPM rogue, BPM fake, BPM scam. The moment subscription ends I know start bombarding email fake messages, fake likes, fake views, lure back pay. Shame BPM.",Negative
Helix Jump,"I really enjoy game. It's great time killer, challenging enough fun. My complaint viewing ad 'second chance', drops right back game, immediately ad closes. It makes 'second chance' kind pointless. I feel brief countdown -- '3, 2, 1' sort thing -- order allow player prepare would improve feature greatly.",Positive
